CREATE DATABASE REGISTROTRAMITES
GO

USE REGISTROTRAMITES
GO

--CREACION DE TABLAS
CREATE TABLE DEPENDENCIAS(
DENID INT NOT NULL,
DENNOMBRE  NVARCHAR(20) NOT NULL,
DENDOMICILIO NVARCHAR(30) NOT NULL,
DENTELEFONO NCHAR(10) NOT NULL)
GO

CREATE TABLE DEPARTAMENTOS(
DEPID INT NOT NULL,
DEPNOMBRE  NVARCHAR(30) NOT NULL,
DEPDOMICILIO NVARCHAR(30) NOT NULL,
DEPTELEFONO VARCHAR(10) NOT NULL,
DENID INT NOT NULL)
GO

CREATE TABLE EMPLEADOS( 
EMPID INT NOT NULL,
EMPNOMBRE NVARCHAR(50) NOT NULL , 
EMPAPELLIDOS NVARCHAR(50) NULL, 
EMPTELEFONO NCHAR (10) NULL, 
EMPCORREO NCHAR(10) NULL, 
DEPID INT NOT NULL,
JEFEID INT NULL ) 
GO 

CREATE TABLE TIPOS(
TIPID INT NOT NULL,
TIPNOMBRE NVARCHAR(20))
GO

CREATE TABLE VENTANILLAS (
VENID INT NOT NULL,
VENNOMBRE NVARCHAR(20) NOT NULL,
TIPOID INT NOT NULL)
GO

CREATE TABLE ESTADOS (
EDOID INT NOT NULL,
EDONOMBRE NVARCHAR(20) NOT NULL)
GO

CREATE TABLE MUNICIPIOS (
MUNID INT NOT NULL,
MUNNOMBRE NVARCHAR(20)NOT NULL,
EDOID INT NOT NULL)
GO

CREATE TABLE COLONIAS(
COLID INT NOT NULL,
COLNOMBRE NVARCHAR(20) NOT NULL, 
MUNID INT NOT NULL)
GO

CREATE TABLE USUARIOS(
USUID INT NOT NULL,
USUNOMBRE NVARCHAR(20) NOT NULL,
USUAPELLIDOS NVARCHAR(50) NOT NULL,
USUDOMICILIO NVARCHAR(30) NOT NULL,
USUTELEFONO NCHAR(10) NOT NULL,
USUCORREO NVARCHAR(30) NOT NULL,
COLID INT NOT NULL)
GO

CREATE TABLE REGISTRO(
FOLIO INT NOT NULL,
FECHACAPTURA DATETIME NOT NULL,
VENID INT NOT NULL,
EMPID INT NOT NULL,
USUID INT NOT NULL)
GO

CREATE TABLE FAMILIAS(
FAMID INT NOT NULL,
FAMNOMBRE NVARCHAR(15) NOT NULL
)
GO

CREATE TABLE TRAMITES(
TRAMID INT NOT NULL,
TRAMNOMBRE NVARCHAR(25) NOT NULL,
TRAMDESCRIPCION NVARCHAR(50) NOT NULL,
TRAMCOSTO NUMERIC (10,2) NOT NULL,
FAMID INT NOT NULL)
GO

CREATE TABLE TRAMITESXREGISTRO(
FOLIO INT NOT NULL,
TRAMID INT NOT NULL,
FECHAFINAL DATETIME NOT NULL,
COSTO NUMERIC (10,2) NOT NULL)
GO

--CREACION DE LLAVES PRIMARIAS
ALTER TABLE DEPENDENCIAS ADD
CONSTRAINT PK_DENID PRIMARY KEY(DENID)
GO

ALTER TABLE DEPARTAMENTOS ADD
CONSTRAINT PK_DEPID PRIMARY KEY (DEPID)
GO

ALTER TABLE EMPLEADOS ADD
CONSTRAINT PK_EMPID  PRIMARY KEY(EMPID)
GO

ALTER TABLE TIPOS ADD
CONSTRAINT PK_TIPID PRIMARY KEY (TIPID)
GO

ALTER TABLE VENTANILLAS ADD 
CONSTRAINT PK_VENID PRIMARY KEY (VENID)
GO

ALTER TABLE ESTADOS ADD
CONSTRAINT PK_EDOID PRIMARY KEY (EDOID)
GO

ALTER TABLE MUNICIPIOS ADD 
CONSTRAINT PK_MUNID PRIMARY KEY (MUNID)
GO

ALTER TABLE COLONIAS ADD
CONSTRAINT PK_COLID PRIMARY KEY(COLID)
GO

ALTER TABLE USUARIOS ADD
CONSTRAINT PK_USUID PRIMARY KEY(USUID)
GO

ALTER TABLE REGISTRO ADD 
CONSTRAINT PK_FOLIO PRIMARY KEY(FOLIO)
GO

ALTER  TABLE FAMILIAS ADD
CONSTRAINT PK_FAMID PRIMARY KEY(FAMID)
GO

ALTER TABLE TRAMITES ADD
CONSTRAINT PK_TRAMID PRIMARY KEY (TRAMID)
GO

ALTER TABLE TRAMITESXREGISTRO ADD
CONSTRAINT PK_TRAM_REGIS PRIMARY KEY (FOLIO, TRAMID)
GO

--CREACION DE LAS LLAVES FK
ALTER TABLE DEPARTAMENTOS ADD
CONSTRAINT FK_DENID FOREIGN KEY (DENID) REFERENCES DEPENDENCIAS(DENID)
GO

ALTER TABLE EMPLEADOS ADD 
CONSTRAINT FK_DEPID FOREIGN KEY (DEPID) REFERENCES DEPARTAMENTOS (DEPID),
CONSTRAINT FK_JEFEID FOREIGN KEY(JEFEID) REFERENCES EMPLEADOS(EMPID)
GO

ALTER TABLE VENTANILLAS ADD
CONSTRAINT FK_TIPOID FOREIGN KEY(TIPOID) REFERENCES TIPOS(TIPID)
GO

ALTER TABLE MUNICIPIOS ADD
CONSTRAINT FK_EDOID FOREIGN KEY(EDOID) REFERENCES ESTADOS(EDOID)
GO

ALTER TABLE COLONIAS ADD
CONSTRAINT FK_MUNID FOREIGN KEY(MUNID) REFERENCES MUNICIPIOS(MUNID)
GO

ALTER TABLE USUARIOS ADD
CONSTRAINT FK_COLID FOREIGN KEY (COLID) REFERENCES COLONIAS(COLID)
GO

ALTER TABLE REGISTRO ADD 
CONSTRAINT FK_VENID FOREIGN KEY (VENID) REFERENCES VENTANILLAS (VENID),
CONSTRAINT FK_EMPID FOREIGN KEY (EMPID) REFERENCES EMPLEADOS (EMPID),
CONSTRAINT FK_USUID FOREIGN KEY (USUID) REFERENCES USUARIOS(USUID)
GO

ALTER TABLE TRAMITESXREGISTRO ADD
CONSTRAINT FK_FOLIO FOREIGN KEY (FOLIO) REFERENCES REGISTRO(FOLIO),
CONSTRAINT FK_TRAMID FOREIGN KEY (TRAMID) REFERENCES TRAMITES(TRAMID)
GO

ALTER TABLE TRAMITES ADD
CONSTRAINT FK_FAMID FOREIGN KEY (FAMID) REFERENCES FAMILIAS(FAMID)
GO

ALTER TABLE USUARIOS ADD
CONSTRAINT USUCORREO_UNICO UNIQUE (USUCORREO),
CONSTRAINT USUTELEFONO_UNICO UNIQUE (USUTELEFONO)
GO

ALTER TABLE DEPENDENCIAS ADD
CONSTRAINT DENTEL_UNICO UNIQUE (DENTELEFONO)
GO

ALTER TABLE DEPARTAMENTOS ADD
CONSTRAINT DEPTEL_UNICO UNIQUE (DEPTELEFONO)
GO

-- INSERCIONES EN LAS TABLAS 
INSERT INTO DEPENDENCIAS (DENID, DENNOMBRE, DENDOMICILIO, DENTELEFONO)
VALUES
(1, 'DEPENDENCIA 1', 'DOMICILIO 1', '6671111111'),
(2, 'DEPENDENCIA 2', 'DOMICILIO 2', '6672222222'),
(3, 'DEPENDENCIA 3', 'DOMICILIO 3', '6673333333'),
(4, 'DEPENDENCIA 4', 'DOMICILIO 4', '6674444444'),
(5, 'DEPENDENCIA 5', 'DOMICILIO 5', '6675555555')
GO

INSERT INTO DEPARTAMENTOS (DEPID, DEPNOMBRE, DEPDOMICILIO, DEPTELEFONO, DENID)
VALUES
(1, 'Recursos Humanos', 'DOMICILIO RH', '6671111111', 1),
(2, 'Financieros', 'DOMICILIO FIN', '6672222222', 1),
(3, 'Tránsito', 'DOMICILIO TRA', '6673333333', 2),
(4, 'Registro Civil', 'DOMICILIO RC', '6674444444', 3),
(5, 'Administrativo', 'DOMICILIO ADM', '6675555555', 4)
GO

INSERT INTO EMPLEADOS 
VALUES 
(100, 'GERMÁN', 'GUITERREZ DELGADO', '6679854654', 'gerguidel@gmail.com', 1, 100),
(200, 'ANGEL FERNANDO', 'CARRAZCO CRUZ', '6673569951', 'angfercarcru@gmail.com', 2, 100),
(300, 'XIMENA REYNA', 'VÁSQUEZ SOTO', '6678234778', 'ximreyvassot@gmail.com', 3, 100),
(400, 'SAMUEL SANTIAGO', 'SANDOVAL MORALES', '6671239875','samsansanmor@gmail.com', 4, 100),
(500, 'JESÚS ALONSO', 'ESPINOZA TORRES', '6678845544','jesaloesptor@gmail.com', 5, 100)
GO

INSERT INTO TIPOS
VALUES
(1, 'VENTANA CHICA'),
(2, 'VENTANA MEDIANA'),
(3, 'VENTANA GRANDE')
GO

INSERT INTO VENTANILLAS
VALUES
(1, 'VENT VEHICULAR 2', 3),
(2, 'VENT FAMILIAR 2', 2),
(3, 'VENT RRHH 1', 1),
(4, 'VENT JUDICIAL 1', 3),
(5, 'VENT JUDUCIAL 2', 2)
GO

INSERT INTO ESTADOS
VALUES
(20, 'SINALOA'),
(12, 'SONORA'),
(17, 'DURANGO'),
(15, 'NUEVO LEON'),
(1, 'JALISCO')
GO

INSERT INTO MUNICIPIOS
VALUES
(1, 'CULIACAN', 20),
(2, 'AGUA PRIETA', 12),
(3, 'DURANGO', 17),
(4, 'MONTERREY', 15),
(5, 'GUADALAJARA', 1)
GO

INSERT INTO COLONIAS
VALUES
(1, 'COLINAS SAN MIGUEL', 1),
(2, 'EL MOJON', 2),
(3, 'LAS PALMAS', 3),
(4, 'MITRAS', 4),
(5, 'ALAMEDA', 5)
GO

INSERT INTO USUARIOS
VALUES
(1, 'ARANTXA', 'MILLÁN GONZÁLEZ', 'COLINAS SAN MIGUEL 26777', '6673185457', 'aracontacto@gmail.com', 1),
(2, 'ESTRELLA', 'CONTRERAS PEREZ', 'EL MOJON 2002', '6338988511', 'staristheone@hotmail.com', 2),
(3, 'JULIO', 'SANDOVAL FLORES', 'LAS PALMAS 020', '6184092477', 'carlitaaaa2002@gmail.com', 3),
(4, 'ARGELIA', 'CRISTAL SINFONA', 'MITRAS 7880', '8187892543', 'argi2007@gmail.com', 4),
(5, 'ANTONIO', 'DE LA CRUZ DOMINGUEZ', 'ALAMEDA 2006', '3315598720', 'ant0nythebest@outlook.com', 5)
GO

INSERT INTO REGISTRO
VALUES
(10, '2025-02-20', 1, 100, 1),
(20, '2025-01-11', 2, 200, 2),
(30, '2025-03-13', 2, 300, 3),
(40, '2025-05-05', 2, 400, 4),
(50, '2025-04-22', 2, 500, 5)
GO

INSERT INTO FAMILIAS
VALUES
(1, 'JUDICIALES'),
(2, 'GUBERNAMENTALES'),
(3, 'DE TRANSPORTE'),
(4, 'ESTATALES'),
(5, 'ADMINISTRATIVOS')
GO

INSERT INTO TRAMITES
VALUES
(101, 'DEMANDA', 'ACUSACIÓN HACIA UN DEMANDADO', 5000.00, 1),
(102, 'PERMISO DE CONSTRUCCIÓN', 'SOLICITUD DE CONSTRUCCIÓN EN TERRENO O ÁREA / M2', 85.00, 2),
(103, 'PERMISO PARA CONDUCIR', 'SOLICITAR PERMISO PARA CONDUCIR 6 AÑOS', 2400.00, 3),
(104, 'CONSTANCIA ANTECEDENTES', 'SOLICITAR CONSTANCIA DE ANTECEDENTES PENALES', 10.00, 4),
(105, 'INICIO DE PROCESO', 'DAR PIE A COMPLETAR UNA CARPETA DE INVESTIGACIÓN', 1500.00, 5)
GO

INSERT INTO TRAMITESXREGISTRO
VALUES
(10, 101, '2025-02-21', 5000.00),
(20, 102, '2025-01-12', 85.00),
(30, 103, '2025-03-13', 2400.00),
(40, 104, '2025-05-06', 10.00),
(50, 105, '2025-04-23', 1500.00)
GO

--CONSTRAINT CHECK
ALTER TABLE EMPLEADOS ADD
CONSTRAINT CHECK_EMPTEL CHECK (LEN(EMPTELEFONO)=10),
CONSTRAINT CC_EMPRFC CHECK (LEN(EMPRFC)=13),
CONSTRAINT CC_EMPCURP_RFC_LEN CHECK (EMPCURP<>EMPRFC),
CONSTRAINT CC_EMPCEL_LEN CHECK (LEN(EMPCELULAR)=10)
GO

ALTER TABLE USUARIOS ADD
CONSTRAINT CHECK_USUTEL CHECK (LEN(USUTELEFONO)=10)
GO

ALTER TABLE DEPENDENCIAS ADD
CONSTRAINT CC_DENTEL CHECK(LEN(DENTELEFONO)=10)
GO

ALTER TABLE DEPARTAMENTOS ADD
CONSTRAINT CHECK_DEPTEL CHECK(LEN(DEPTELEFONO)=10)
GO

--CONSTRAINT DEFAULT
ALTER TABLE EMPLEADOS ADD
CONSTRAINT DEFAULT_EMPTEL DEFAULT 'SIN TELEFONO' FOR EMPTELEFONO,
CONSTRAINT DEFAULT_EMPCEL DEFAULT 'SIN CELULAR' FOR EMPCELULAR
GO